Category,Product Name,MRP,Sale Price
CUSTOM PC,Intel Custom PC Build,N/A,From ₹50000
CUSTOM PC,AMD Custom PC Build,N/A,From ₹50000
PRE BUILT PC,Kickstart 3400G Shadow PC Build,N/A,From ₹40000
PRE BUILT PC,Kickstart 5600GT Shadow PC Build,N/A,From ₹52000
PRE BUILT PC,Nova R5 5500 + RTX 3050 6GB Shadow PC Build,N/A,From ₹63830
PRE BUILT PC,Quantum R5 5600 + RTX 3050 6GB Shadow PC Build,N/A,From ₹69530
PRE BUILT PC,Kickstart 8500G Shadow PC Build,N/A,From ₹74000
PRE BUILT PC,Nova R5 5500 + RX 7600 8GB Shadow PC Build,N/A,From ₹74830
PRE BUILT PC,Nova R5 5500 + RTX 3050 6GB Pro PC Build,N/A,From ₹78620
PRE BUILT PC,Nano Portable R5 5600 + RTX 5060 Pro PC Build,N/A,From ₹80000
PRE BUILT PC,Quantum R5 5600 + RX 7600 8GB Shadow PC Build,N/A,From ₹80430
PRE BUILT PC,Quantum R5 5600 + RTX 3050 6GB Pro PC Build,N/A,From ₹85720
PRE BUILT PC,Kickstart 8600G Shadow PC Build,N/A,From ₹86620
PRE BUILT PC,Nova R5 5500 + RX 7600 8GB Pro PC Build,N/A,From ₹88820
PRE BUILT PC,Nova R5 5500 + RTX 5050 8GB Shadow PC Build,N/A,From ₹89220
PRE BUILT PC,Quantum R5 5600 + RTX 5050 8GB Shadow PC Build,N/A,From ₹93530
PRE BUILT PC,Quantum R5 5600 + RX 7600 8GB Pro PC Build,N/A,From ₹94620
PRE BUILT PC,Nova R5 5500 + RTX 5050 8GB Pro PC Build,N/A,From ₹102020
PRE BUILT PC,Nova R5 5500 + RTX 5060 8GB Shadow PC Build,N/A,From ₹105820
PRE BUILT PC,Quantum R5 5600 + RTX 5050 8GB Pro PC Build,N/A,From ₹107520
PRE BUILT PC,Quantum R5 5600 + RTX 5060 8GB Shadow PC Build,N/A,From ₹109620
PRE BUILT PC,Rogue R5 5600X + RTX 5060 8GB Shadow PC Build,N/A,From ₹110920
PRE BUILT PC,Quantum R5 5600 + RTX 5060 Ti 8GB Shadow PC Build,N/A,From ₹112520
PRE BUILT PC,Quantum R5 5600 + RX 9060 XT 16GB Shadow PC Build,N/A,From ₹112620
PRE BUILT PC,Rogue R5 5600X + RTX 5060 Ti 8GB Shadow PC Build,N/A,From ₹113820
PRE BUILT PC,Rogue R5 5600X + RX 9060 XT 16GB Shadow PC Build,N/A,From ₹113920
PRE BUILT PC,Nova R5 5500 + RTX 5060 8GB Pro PC Build,N/A,From ₹124020
PRE BUILT PC,Quantum R5 5600 + RTX 5060 8GB Pro PC Build,N/A,From ₹126520
PRE BUILT PC,Rogue R5 5600X + RTX 5060 8GB Pro PC Build,N/A,From ₹127820
PRE BUILT PC,Quantum R5 5600 + RTX 5060 Ti 8GB Pro PC Build,N/A,From ₹146220
PRE BUILT PC,Quantum R5 5600 + RTX 5060 Ti 16GB Shadow PC Build,N/A,From ₹147520
PRE BUILT PC,Quantum R5 5600 + RX 9060 XT 16GB Pro PC Build,N/A,From ₹150520
PRE BUILT PC,Rogue R5 5600X + RX 9060 XT 16GB Pro PC Build,N/A,From ₹151820
PRE BUILT PC,Quantum R5 5600 + RTX 5060 Ti 16GB Pro PC Build,N/A,From ₹191720
PRE BUILT PC,Your Ultimate Partner for Pre-Built Gaming PC India,N/A,₹40000
GAMING PC,Strike R7 5700X + RTX 5060 Ti 16GB Shadow Gaming PC Build,N/A,From ₹50000
GAMING PC,PowerStart R5 5500 + RX 7600 Shadow Gaming PC Build,N/A,From ₹60000
GAMING PC,Smart R5 5500 + RTX 5050 Shadow Gaming PC Build,N/A,From ₹70000
GAMING PC,PowerStart R5 5500 + RTX 3050 Shadow Gaming PC Build,N/A,From ₹70000
GAMING PC,Phantom R5 5600 + RTX 5060 Shadow Gaming PC Build,N/A,From ₹80000
GAMING PC,SkullCrusher R7 5700X + RTX 5070 Shadow Gaming PC Build,N/A,From ₹130000
SPEAKER,FAQs on Speaker,N/A,₹1550
WEBCAM,FAQs on Webcam,N/A,₹8290
CONSOLE,Best Products,N/A,₹55990
GAMING CHAIRS,Cybeart NEO Series Lunar Edition Gaming Chair (White/Gold),N/A,₹28490
GAMING CHAIRS,Cybeart NEO Series Stealth Edition Gaming Chair (Black/Red),N/A,₹28490
GAMING CHAIRS,Cybeart NEO Series Imperial Edition Gaming Chair (Black/Gold),N/A,₹28490
GAMING CHAIRS,Cybeart NEO Series Vintage Edition Gaming Chair (Brown/Black),N/A,₹28490
GAMING CHAIRS,Cybeart NEO Series The Lord of the Rings Gaming Chair (Black),N/A,₹33490
GAMING CHAIRS,Cybeart NEO Series Superman Gaming Chair (Blue),N/A,₹33490
GAMING CHAIRS,Cybeart NEO Series Batman Gaming Chair (Black),N/A,₹33490
GAMING CHAIRS,Cybeart NEO Series Batman Classic Gaming Chair (Black),N/A,₹33490
GAMING CHAIRS,Cybeart Apex Series Arctic Gaming Chair (White),N/A,₹42990
GAMING CHAIRS,Cybeart Apex Series X11 Gaming Chair (Gray),N/A,₹42990
GAMING CHAIRS,Cybeart Apex Series Vintage Gaming Chair (Brown),N/A,₹42990
GAMING CHAIRS,Cybeart Apex Series Ghost Edition Gaming Chair (Black),N/A,₹42990
MONITOR ARMS,MSI MPG MT201RG RGB Monitor Arm  Gas Spring  Upto 49 Inch,N/A,₹8790
MONITOR ARMS,MSI MPG MT201DRG RGB Dual Monitor Arm  Gas Spring  Upto 35 Inch,N/A,₹12790
